{
	"$baseURI": "https://yal.cc/r/20/pixelfont/",
	"$version": "1.0",
	"in-glyphs": [
		"{}()[]/\\|¦<>«»‹›:;!¡?¿.,‚„…_",
		"'\"‘’`´“”^ª¹²³*•∙·±+×∞÷%‰≠=≈~¬-−–—",
		"€$¢£₩¥₴₽¤@#&§¶µ©®¼½¾",
		"←↑→↓♡♥",
		"0123456789",
		"ABCDEFGHIJKLMNOPQRSTUVWXYZ",
		"abcdefghijklmnopqrstuvwxyz",
		"ÀÁÂÃÄĀĂÅǺẠĄÆǼ",
		"àáâãäāăåǻạąæǽ",
		"ĆĈČĊÇ",
		"ćĉčċç",
		"ĎĐÐ",
		"ďđð",
		"ÈÉÊĚẼËĒĔĖẸĘ",
		"èéêěẽëēĕėẹę",
		"ĜǦĞĠĢ",
		"ĝǧğġģ",
		"ĤĦ",
		"ĥħ",
		"ÌÍÎĨÏĪĬİỊĮI",
		"ìíîĩïīĭiịįı",
		"Ĵ",
		"ĵȷ",
		"Ķ",
		"ķĸ",
		"ĹĽĻŁĿ",
		"ĺľļłŀ",
		"ŃÑŇŅƝŊ",
		"ńñňņɲŋŉ",
		"ÒÓÔÕÖŌŎŐỌǪØǾŒ",
		"òóôõöōŏőọǫøǿœ",
		"ŔŘŖ",
		"ŕřŗ",
		"ŚŜŠŞȘẞ",
		"śŝšşșß",
		"ŤŢȚŦÞ",
		"ťţțŧþ",
		"ÙÚÛŨÜŪŬŮŰỤŲ",
		"ùúûũüūŭůűụų",
		"ẀẂŴẄ",
		"ẁẃŵẅ",
		"ỲÝŶỸŸȲ",
		"ỳýŷỹÿȳ",
		"ŹŽŻ",
		"źžż",
		"Ĳ",
		"ĳ",
		"Ə",
		"ə",
		"АБВГҐДЕЁЄЖЗІЇИЙКЛМНОПРСТУЎФХЦЧШЩЪЫЬЭЮЯ'",
		"абвгґдеёєжзіїийклмнопрстуўфхцчшщъыьэюя"
	],
	"glyph-color": "auto",
	"in-kerning": [
		""
	],
	"glyph-width": 7,
	"glyph-height": 12,
	"glyph-ofs-x": 1,
	"glyph-ofs-y": 1,
	"glyph-sep-x": 1,
	"glyph-sep-y": 1,
	"glyph-base-x": 0,
	"glyph-baseline": 10,
	"glyph-spacing": 2,
	"font-is-mono": false,
	"font-em-square": 1024,
	"font-line-gap": 0,
	"font-ascend": 1152,
	"font-descend": -256,
	"font-px-size": 128,
	"font-name": "Clarity",
	"font-author": "Gossamore",
	"font-copy": "(c) 2022 Gossamore",
	"font-version": "Version 1.0",
	"font-desc": "Clean and legible pixel font",
	"font-license": "",
	"font-license-url": "",
	"font-sample-text": "Clarity",
	"font-preview-text": [
		"{}()[]/\\|¦<>«»‹›:;!¡?¿.,‚„…_",
		"'\"‘’`´“”^ª¹²³*•∙·±+×∞÷%‰≠=≈~¬-−–—",
		"€$¢£₩¥₴₽¤@#&§¶µ©®¼½¾",
		"←↑→↓♡♥",
		"0123456789",
		"ABCDEFGHIJKLMNOPQRSTUVWXYZ",
		"abcdefghijklmnopqrstuvwxyz",
		"ÀÁÂÃÄĀĂÅǺẠĄÆǼ",
		"àáâãäāăåǻạąæǽ",
		"ĆĈČĊÇ",
		"ćĉčċç",
		"ĎĐÐ",
		"ďđð",
		"ÈÉÊĚẼËĒĔĖẸĘ",
		"èéêěẽëēĕėẹę",
		"ĜǦĞĠĢ",
		"ĝǧğġģ",
		"ĤĦ",
		"ĥħ",
		"ÌÍÎĨÏĪĬİỊĮI",
		"ìíîĩïīĭiịįı",
		"Ĵ",
		"ĵȷ",
		"Ķ",
		"ķĸ",
		"ĹĽĻŁĿ",
		"ĺľļłŀ",
		"ŃÑŇŅƝŊ",
		"ńñňņɲŋŉ",
		"ÒÓÔÕÖŌŎŐỌǪØǾŒ",
		"òóôõöōŏőọǫøǿœ",
		"ŔŘŖ",
		"ŕřŗ",
		"ŚŜŠŞȘẞ",
		"śŝšşșß",
		"ŤŢȚŦÞ",
		"ťţțŧþ",
		"ÙÚÛŨÜŪŬŮŰỤ",
		"ùúûũüūŭůűụ",
		"ẀẂŴẄ",
		"ẁẃŵẅ",
		"ỲÝŶỸŸȲ",
		"ỳýŷỹÿȳ",
		"ŹŽŻ",
		"źžż",
		"Ĳ",
		"ĳ",
		"Ə",
		"ə",
		"АБВГҐДЕЁЄЖЗІЇИЙКЛМНОПРСТУЎФХЦЧШЩЪЫЬЭЮЯ'",
		"абвгґдеёєжзіїийклмнопрстуўфхцчшщъыьэюя"
	]
}